Case,Symbol,K_swing,N_bos,LookbackInternal,M_retest,EqTol,BOSBufferPoints,UseKillzones,UseRoundNumber,RNDelta,RiskPerTradePct,SL_BufferUSD,TP1_R,TP2_R,BE_Activate_R,PartialClosePct,TimeStopMinutes,MinProgressR,MaxSpreadUSD,MaxOpenPositions,UsePendingRetest,RetestOffsetUSD,PendingExpirySec,CooldownSec
1,XAUUSD,45,6,14,2,0.16,1.5,False,True,0.3,0.5,0.55,1.8,2.4,0.8,25,45,0.8,0.5,3,False,0,0,0
2,XAUUSD,60,7,16,4,0.18,1.5,True,True,0.32,0.5,0.6,1.8,3.0,0.7,50,45,0.6,0.5,2,False,0,0,0
3,XAUUSD,50,6,16,3,0.22,1,True,True,0.28,0.5,0.7,1.8,4.0,0.6,40,90,0.5,0.5,2,False,0,0,0
4,XAUUSD,45,7,11,3,0.16,1,True,True,0.28,0.6,0.6,1.8,4.0,0.8,35,120,0.6,0.5,2,False,0,0,0
5,XAUUSD,45,5,16,2,0.2,1,True,True,0.28,0.6,0.65,1.5,3.0,0.6,25,120,0.5,0.5,3,False,0,0,0
6,XAUUSD,55,6,11,3,0.2,1.5,False,True,0.32,0.6,0.6,2.0,3.0,0.6,30,120,0.6,0.5,2,False,0,0,0
7,XAUUSD,60,6,11,4,0.22,2.5,False,True,0.28,0.6,0.6,0.9,2.4,0.9,30,90,0.5,0.5,2,False,0,0,0
8,XAUUSD,50,7,16,3,0.16,2,False,True,0.3,0.5,0.7,1.8,4.0,1.0,35,90,0.6,0.5,2,False,0,0,0
9,XAUUSD,55,6,14,4,0.18,2.5,False,True,0.35,0.6,0.55,0.9,2.0,0.6,40,120,0.8,0.5,2,False,0,0,0
10,XAUUSD,50,7,16,2,0.2,2.5,False,True,0.3,0.5,0.7,2.2,4.0,0.9,25,60,0.8,0.5,3,False,0,0,0
11,XAUUSD,55,7,14,3,0.16,2,True,True,0.35,0.3,0.7,1.0,2.0,0.8,25,90,0.6,0.5,2,False,0,0,0
12,XAUUSD,55,6,16,2,0.16,1.5,False,True,0.28,0.6,0.65,0.9,3.6,0.8,25,90,0.7,0.5,3,False,0,0,0
13,XAUUSD,45,7,12,4,0.18,2.5,True,True,0.3,0.5,0.7,0.9,3.6,0.9,25,60,0.8,0.5,2,True,0.04,2400,0
14,XAUUSD,55,7,16,4,0.22,1,False,True,0.35,0.4,0.55,1.0,3.0,1.0,25,60,0.6,0.5,2,False,0,0,0
15,XAUUSD,45,5,12,2,0.2,1,False,True,0.28,0.4,0.65,2.2,2.4,0.6,50,45,0.7,0.5,3,False,0,0,0
16,XAUUSD,55,5,14,4,0.18,2,True,True,0.35,0.5,0.7,1.8,2.0,0.7,25,45,0.6,0.5,3,False,0,0,0
17,XAUUSD,50,7,11,3,0.18,2,False,True,0.35,0.5,0.55,1.8,3.6,0.6,50,60,0.6,0.5,3,False,0,0,0
18,XAUUSD,45,5,14,4,0.2,1.5,False,True,0.32,0.4,0.7,0.9,3.6,0.9,40,120,0.8,0.5,2,False,0,0,0
19,XAUUSD,55,6,14,2,0.22,2,True,True,0.35,0.6,0.6,1.2,2.0,0.9,50,60,0.7,0.5,3,False,0,0,0
20,XAUUSD,55,5,14,3,0.18,2.5,False,True,0.28,0.5,0.7,2.2,3.0,0.8,25,90,0.6,0.5,3,False,0,0,0
21,XAUUSD,55,5,11,4,0.16,1.5,False,True,0.28,0.6,0.7,2.0,2.4,0.6,50,120,0.5,0.5,2,False,0,0,0
22,XAUUSD,45,5,14,3,0.2,1.5,False,True,0.3,0.6,0.55,1.8,3.6,0.8,25,90,0.8,0.5,2,False,0,0,0
23,XAUUSD,45,7,11,2,0.18,2,False,True,0.28,0.6,0.6,1.5,2.4,0.7,30,120,0.5,0.5,2,False,0,0,0
24,XAUUSD,50,6,11,4,0.2,2,False,True,0.35,0.4,0.7,2.0,3.0,1.0,30,120,0.7,0.5,3,False,0,0,0
25,XAUUSD,55,6,16,4,0.22,1,False,True,0.35,0.6,0.55,1.2,2.0,0.6,35,60,0.8,0.5,3,False,0,0,0
26,XAUUSD,45,5,11,3,0.22,2.5,False,True,0.35,0.3,0.7,1.5,4.0,0.6,25,45,0.7,0.5,2,True,0.04,2400,0
27,XAUUSD,55,5,14,4,0.2,1,False,True,0.3,0.3,0.6,1.5,2.0,0.8,25,120,0.6,0.5,2,False,0,0,0
28,XAUUSD,50,6,12,3,0.22,1,False,True,0.3,0.4,0.6,1.0,3.0,0.9,25,45,0.8,0.5,3,False,0,0,0
29,XAUUSD,60,6,12,4,0.16,2,False,True,0.28,0.6,0.55,1.5,2.0,0.7,50,90,0.5,0.5,2,False,0,0,0
30,XAUUSD,50,7,11,3,0.18,1,False,True,0.3,0.3,0.7,2.2,2.4,0.9,25,120,0.6,0.5,3,False,0,0,0
31,XAUUSD,50,7,11,4,0.2,1,True,True,0.32,0.4,0.65,1.5,3.6,0.8,25,45,0.5,0.5,2,False,0,0,0
32,XAUUSD,45,5,12,2,0.22,1.5,True,True,0.35,0.3,0.65,0.9,2.0,0.6,30,45,0.5,0.5,2,True,0.04,2400,0
33,XAUUSD,45,5,11,2,0.2,2,True,True,0.28,0.5,0.55,1.0,4.0,1.0,25,45,0.8,0.5,2,False,0,0,0
34,XAUUSD,50,5,11,4,0.18,2,False,True,0.28,0.4,0.6,2.2,3.6,0.7,50,45,0.7,0.5,3,False,0,0,0
35,XAUUSD,60,6,11,3,0.16,2,False,True,0.32,0.5,0.7,2.2,4.0,0.9,50,120,0.6,0.5,2,True,0.04,2400,0
36,XAUUSD,50,6,16,3,0.22,1,False,True,0.3,0.6,0.65,1.2,3.0,1.0,30,120,0.6,0.5,3,False,0,0,0
37,XAUUSD,45,6,11,4,0.18,1.5,False,True,0.35,0.5,0.7,2.0,3.6,0.9,50,90,0.7,0.5,3,False,0,0,0
38,XAUUSD,50,5,11,3,0.18,2,False,True,0.3,0.4,0.7,2.0,4.0,0.7,30,60,0.6,0.5,3,False,0,0,0
39,XAUUSD,55,6,12,2,0.2,1.5,False,True,0.3,0.4,0.55,1.0,2.4,0.9,30,60,0.8,0.5,3,False,0,0,0
40,XAUUSD,55,6,16,2,0.22,2.5,False,True,0.3,0.4,0.7,0.9,2.4,0.9,40,60,0.8,0.5,2,False,0,0,0
41,XAUUSD,55,5,16,4,0.22,2,False,True,0.3,0.5,0.55,2.2,3.6,0.8,40,120,0.5,0.5,3,False,0,0,0
42,XAUUSD,60,7,11,4,0.18,1,False,True,0.28,0.6,0.65,1.0,4.0,0.8,50,90,0.7,0.5,2,False,0,0,0
43,XAUUSD,60,5,14,3,0.2,1,True,True,0.28,0.4,0.55,1.0,2.0,0.6,35,60,0.5,0.5,2,False,0,0,0
44,XAUUSD,50,7,16,4,0.18,1,True,True,0.3,0.5,0.7,1.2,4.0,0.9,35,120,0.6,0.5,3,False,0,0,0
45,XAUUSD,55,6,16,2,0.22,1.5,False,True,0.32,0.6,0.55,1.2,3.6,0.7,30,45,0.7,0.5,2,False,0,0,0
46,XAUUSD,50,5,14,4,0.18,1.5,False,True,0.28,0.4,0.55,1.2,3.6,0.7,30,60,0.6,0.5,3,False,0,0,0
47,XAUUSD,45,5,14,4,0.16,1,False,True,0.32,0.4,0.65,1.8,4.0,1.0,35,60,0.5,0.5,2,True,0.04,2400,0
48,XAUUSD,45,5,11,4,0.22,2.5,False,True,0.32,0.6,0.65,1.2,2.0,0.9,25,120,0.8,0.5,3,False,0,0,0
49,XAUUSD,50,5,12,4,0.16,2.5,False,True,0.32,0.5,0.55,0.9,3.0,0.9,40,90,0.5,0.5,2,False,0,0,0
50,XAUUSD,50,5,11,4,0.2,1.5,False,True,0.35,0.4,0.6,1.8,2.4,0.8,30,60,0.7,0.5,2,False,0,0,0
51,XAUUSD,45,7,14,3,0.22,2.5,False,True,0.28,0.4,0.7,1.5,4.0,1.0,35,90,0.7,0.5,3,False,0,0,0
52,XAUUSD,60,6,11,2,0.16,1,False,True,0.3,0.3,0.55,1.0,2.0,0.6,50,90,0.5,0.5,2,False,0,0,0
53,XAUUSD,60,5,12,2,0.22,1.5,False,True,0.3,0.6,0.7,1.8,2.0,0.6,40,90,0.5,0.5,3,False,0,0,0
54,XAUUSD,60,6,12,4,0.18,1.5,False,True,0.28,0.4,0.65,1.8,3.0,0.7,30,90,0.7,0.5,2,False,0,0,0
55,XAUUSD,50,7,12,4,0.18,1.5,False,True,0.28,0.5,0.7,2.0,4.0,0.8,25,45,0.5,0.5,2,False,0,0,0
56,XAUUSD,50,7,11,2,0.2,1,False,True,0.35,0.5,0.65,2.0,3.6,0.7,50,45,0.6,0.5,3,False,0,0,0
57,XAUUSD,45,7,16,4,0.18,2.5,True,True,0.35,0.3,0.6,1.0,2.0,0.9,40,120,0.6,0.5,2,False,0,0,0
58,XAUUSD,50,6,16,4,0.18,2.5,False,True,0.3,0.3,0.6,1.8,2.4,0.6,35,90,0.7,0.5,2,False,0,0,0
59,XAUUSD,50,7,12,4,0.22,2,True,True,0.3,0.6,0.6,2.2,3.6,0.8,40,90,0.6,0.5,2,False,0,0,0
60,XAUUSD,55,7,14,3,0.22,2.5,False,True,0.35,0.3,0.6,1.0,4.0,0.7,50,90,0.6,0.5,3,False,0,0,0
61,XAUUSD,45,6,16,3,0.16,2.5,True,True,0.32,0.5,0.55,1.2,4.0,0.7,40,45,0.5,0.5,3,False,0,0,0
62,XAUUSD,60,7,14,3,0.2,1,False,True,0.28,0.3,0.65,2.0,3.0,0.6,50,120,0.8,0.5,3,False,0,0,0
63,XAUUSD,60,5,14,2,0.22,1.5,True,True,0.3,0.6,0.65,1.2,2.4,0.6,40,60,0.7,0.5,3,True,0.04,2400,0
64,XAUUSD,45,7,12,2,0.2,2.5,False,True,0.28,0.6,0.6,2.0,3.6,0.7,50,45,0.6,0.5,3,False,0,0,0
65,XAUUSD,55,7,14,2,0.2,1.5,True,True,0.32,0.5,0.6,0.9,2.0,0.7,35,45,0.8,0.5,2,False,0,0,0
66,XAUUSD,55,5,11,2,0.2,2.5,False,True,0.32,0.3,0.65,1.8,3.0,1.0,40,90,0.8,0.5,3,False,0,0,0
67,XAUUSD,50,6,14,4,0.16,2.5,False,True,0.3,0.3,0.65,2.2,4.0,0.9,50,60,0.8,0.5,2,False,0,0,0
68,XAUUSD,55,6,14,3,0.22,2,True,True,0.35,0.3,0.7,2.0,3.0,0.9,40,120,0.5,0.5,2,False,0,0,0
69,XAUUSD,55,5,11,4,0.16,1.5,False,True,0.32,0.5,0.7,1.2,3.6,0.8,50,90,0.7,0.5,3,False,0,0,0
70,XAUUSD,45,6,11,2,0.16,2,False,True,0.35,0.4,0.55,1.0,3.0,0.7,35,45,0.5,0.5,3,False,0,0,0
71,XAUUSD,60,7,14,4,0.16,1,False,True,0.32,0.3,0.6,2.0,3.0,0.8,30,45,0.8,0.5,2,False,0,0,0
72,XAUUSD,60,7,14,2,0.22,2,False,True,0.28,0.4,0.7,0.9,3.0,1.0,35,60,0.7,0.5,3,True,0.04,2400,0
73,XAUUSD,50,7,12,4,0.18,1,False,True,0.32,0.4,0.7,1.8,3.6,1.0,30,120,0.6,0.5,3,False,0,0,0
74,XAUUSD,60,6,11,2,0.18,2.5,False,True,0.28,0.5,0.55,1.5,3.0,0.9,40,90,0.6,0.5,2,False,0,0,0
75,XAUUSD,60,5,11,4,0.18,2,False,True,0.28,0.4,0.7,2.2,3.0,1.0,35,60,0.7,0.5,2,False,0,0,0
76,XAUUSD,55,6,12,3,0.16,2.5,False,True,0.35,0.4,0.7,1.0,2.0,0.8,50,60,0.7,0.5,3,False,0,0,0
77,XAUUSD,50,7,16,4,0.22,1,False,True,0.28,0.6,0.6,2.0,4.0,0.8,35,90,0.8,0.5,2,True,0.04,2400,0
78,XAUUSD,50,6,14,2,0.18,1,False,True,0.3,0.5,0.7,1.0,3.0,0.8,30,60,0.7,0.5,2,False,0,0,0
79,XAUUSD,60,5,14,4,0.18,1.5,False,True,0.3,0.6,0.55,2.2,2.4,0.8,40,120,0.6,0.5,3,True,0.04,2400,0
80,XAUUSD,60,5,16,3,0.22,2,True,True,0.28,0.6,0.7,1.8,3.0,0.8,30,45,0.5,0.5,2,False,0,0,0
81,XAUUSD,50,6,11,4,0.16,1,False,True,0.32,0.4,0.6,1.5,2.4,0.6,30,90,0.6,0.5,2,False,0,0,0
82,XAUUSD,55,5,11,4,0.22,1.5,True,True,0.32,0.3,0.6,2.0,2.4,0.8,35,60,0.6,0.5,3,False,0,0,0
83,XAUUSD,55,7,11,4,0.16,1,False,True,0.28,0.3,0.55,1.8,3.6,0.6,50,60,0.5,0.5,3,False,0,0,0
84,XAUUSD,50,5,16,4,0.22,2.5,True,True,0.35,0.3,0.6,1.8,4.0,0.9,40,90,0.5,0.5,3,False,0,0,0
85,XAUUSD,55,7,11,2,0.22,1.5,False,True,0.3,0.4,0.55,1.2,4.0,0.9,25,120,0.8,0.5,2,False,0,0,0
86,XAUUSD,50,6,12,4,0.18,2.5,False,True,0.3,0.5,0.7,1.8,3.0,0.8,30,90,0.8,0.5,3,True,0.04,2400,0
87,XAUUSD,55,7,11,2,0.2,2.5,False,True,0.35,0.3,0.55,2.0,3.0,0.7,30,45,0.5,0.5,2,False,0,0,0
88,XAUUSD,45,5,16,3,0.2,2,True,True,0.32,0.5,0.55,1.8,3.6,0.9,50,60,0.5,0.5,3,False,0,0,0
89,XAUUSD,60,5,14,3,0.16,2,False,True,0.35,0.4,0.7,1.8,3.0,0.7,50,90,0.6,0.5,3,True,0.04,2400,0
90,XAUUSD,60,5,14,2,0.16,2,True,True,0.32,0.3,0.55,1.2,2.4,0.8,50,120,0.5,0.5,3,True,0.04,2400,0
91,XAUUSD,60,5,11,4,0.2,2.5,False,True,0.35,0.5,0.7,1.8,3.6,0.7,40,45,0.8,0.5,3,False,0,0,0
92,XAUUSD,60,6,14,2,0.22,2,False,True,0.32,0.5,0.6,2.0,4.0,0.6,30,120,0.8,0.5,2,True,0.04,2400,0
93,XAUUSD,45,5,16,3,0.22,2.5,False,True,0.3,0.3,0.55,1.0,3.6,0.9,30,45,0.5,0.5,2,True,0.04,2400,0
94,XAUUSD,50,5,16,2,0.16,2.5,True,True,0.3,0.3,0.55,1.5,2.4,0.8,40,45,0.8,0.5,2,True,0.04,2400,0
95,XAUUSD,55,6,11,4,0.2,2.5,False,True,0.28,0.6,0.55,1.2,2.0,1.0,40,120,0.6,0.5,2,False,0,0,0
96,XAUUSD,50,5,14,3,0.16,1.5,True,True,0.32,0.6,0.6,1.5,3.0,0.9,35,60,0.6,0.5,2,False,0,0,0
97,XAUUSD,60,6,14,3,0.18,2,False,True,0.3,0.5,0.6,1.2,3.0,1.0,50,120,0.5,0.5,3,False,0,0,0
98,XAUUSD,45,6,12,4,0.18,1,True,True,0.32,0.6,0.55,1.2,2.4,0.9,40,120,0.7,0.5,2,True,0.04,2400,0
99,XAUUSD,50,6,11,3,0.2,1.5,False,True,0.35,0.4,0.7,0.9,3.6,0.6,30,120,0.5,0.5,2,True,0.04,2400,0
100,XAUUSD,55,5,11,4,0.18,2,False,True,0.3,0.3,0.6,2.2,2.4,0.9,50,120,0.7,0.5,2,False,0,0,0
101,XAUUSD,45,5,12,4,0.18,1.5,False,True,0.35,0.4,0.65,2.2,2.4,0.6,30,90,0.5,0.5,3,False,0,0,0
102,XAUUSD,60,5,12,4,0.16,1.5,False,True,0.28,0.3,0.65,2.0,2.4,0.6,50,90,0.6,0.5,3,False,0,0,0
103,XAUUSD,60,7,14,4,0.16,2,False,True,0.3,0.5,0.55,1.0,3.0,0.7,40,120,0.5,0.5,3,True,0.04,2400,0
104,XAUUSD,60,7,11,3,0.2,1,False,True,0.3,0.5,0.6,0.9,4.0,1.0,50,120,0.6,0.5,3,True,0.04,2400,0
105,XAUUSD,50,6,12,3,0.18,2,False,True,0.28,0.6,0.65,1.2,3.6,0.8,35,120,0.7,0.5,3,False,0,0,0
106,XAUUSD,60,5,16,2,0.18,1.5,False,True,0.32,0.6,0.65,2.2,4.0,1.0,30,120,0.7,0.5,2,True,0.04,2400,0
107,XAUUSD,60,7,14,4,0.22,1.5,False,True,0.3,0.3,0.6,1.2,2.4,0.8,50,45,0.5,0.5,2,False,0,0,0
108,XAUUSD,55,6,16,3,0.22,2.5,True,True,0.32,0.5,0.6,1.2,4.0,0.8,30,45,0.5,0.5,2,False,0,0,0
109,XAUUSD,60,5,12,4,0.16,2.5,True,True,0.32,0.4,0.65,0.9,2.0,0.8,30,90,0.8,0.5,3,False,0,0,0
110,XAUUSD,45,7,14,2,0.2,1,False,True,0.35,0.4,0.6,2.0,2.4,1.0,25,60,0.6,0.5,2,False,0,0,0
111,XAUUSD,60,7,12,3,0.18,2.5,True,True,0.28,0.6,0.6,1.8,4.0,0.6,25,45,0.8,0.5,3,True,0.04,2400,0
112,XAUUSD,50,7,12,4,0.18,1,False,True,0.28,0.5,0.6,2.2,4.0,0.6,35,120,0.7,0.5,2,True,0.04,2400,0
113,XAUUSD,50,5,16,3,0.16,1,True,True,0.32,0.4,0.55,1.5,2.0,0.9,50,45,0.6,0.5,2,False,0,0,0
114,XAUUSD,60,7,12,4,0.2,2,True,True,0.3,0.4,0.65,0.9,4.0,1.0,35,90,0.5,0.5,3,False,0,0,0
115,XAUUSD,60,5,12,3,0.16,2,False,True,0.3,0.5,0.6,0.9,3.0,1.0,25,60,0.8,0.5,2,True,0.04,2400,0
116,XAUUSD,45,5,11,3,0.2,1,False,True,0.32,0.4,0.7,2.0,3.0,0.9,50,60,0.8,0.5,3,False,0,0,0
117,XAUUSD,55,5,16,3,0.22,1,False,True,0.28,0.3,0.55,2.2,3.6,0.9,30,60,0.5,0.5,2,False,0,0,0
118,XAUUSD,45,6,11,3,0.22,2,False,True,0.32,0.6,0.6,0.9,4.0,0.9,40,90,0.8,0.5,2,True,0.04,2400,0
119,XAUUSD,50,6,16,2,0.18,2.5,False,True,0.32,0.5,0.65,0.9,4.0,0.9,50,60,0.7,0.5,3,False,0,0,0
120,XAUUSD,45,7,14,2,0.2,1.5,False,True,0.3,0.4,0.6,1.8,3.6,0.9,25,90,0.8,0.5,3,False,0,0,0
121,XAUUSD,50,6,11,4,0.22,1,False,True,0.3,0.4,0.55,1.5,2.4,1.0,35,90,0.7,0.5,3,False,0,0,0
122,XAUUSD,45,6,14,3,0.18,1,False,True,0.35,0.3,0.55,0.9,2.0,0.6,35,120,0.8,0.5,2,False,0,0,0
123,XAUUSD,55,7,12,2,0.22,1,True,True,0.3,0.5,0.65,2.2,4.0,1.0,35,120,0.7,0.5,3,False,0,0,0
124,XAUUSD,60,5,12,2,0.18,1.5,False,True,0.32,0.4,0.65,0.9,4.0,0.6,35,90,0.5,0.5,3,False,0,0,0
125,XAUUSD,55,5,12,2,0.16,2,True,True,0.3,0.3,0.65,1.5,3.6,0.8,35,90,0.6,0.5,3,False,0,0,0
126,XAUUSD,60,7,11,4,0.22,2,True,True,0.32,0.6,0.55,1.2,3.0,0.7,35,120,0.7,0.5,2,False,0,0,0
127,XAUUSD,45,7,14,3,0.22,1.5,True,True,0.3,0.3,0.55,2.0,4.0,0.7,50,120,0.8,0.5,2,False,0,0,0
128,XAUUSD,60,5,16,3,0.18,2,True,True,0.35,0.3,0.7,0.9,3.6,0.9,30,90,0.6,0.5,3,True,0.04,2400,0
129,XAUUSD,60,7,12,3,0.18,1,False,True,0.3,0.6,0.55,1.8,3.6,0.6,40,120,0.7,0.5,3,False,0,0,0
130,XAUUSD,50,6,16,4,0.2,1.5,False,True,0.28,0.3,0.55,1.2,2.0,1.0,35,60,0.7,0.5,3,False,0,0,0
131,XAUUSD,50,5,14,4,0.2,1.5,False,True,0.32,0.6,0.7,2.2,3.6,0.8,35,60,0.5,0.5,3,False,0,0,0
132,XAUUSD,55,5,11,3,0.16,2.5,False,True,0.28,0.6,0.65,1.5,4.0,0.9,40,60,0.6,0.5,2,False,0,0,0
133,XAUUSD,50,7,16,4,0.16,1,True,True,0.28,0.3,0.6,1.5,4.0,0.6,40,60,0.6,0.5,3,False,0,0,0
134,XAUUSD,50,6,16,3,0.16,1.5,False,True,0.28,0.3,0.6,2.2,4.0,0.8,35,90,0.8,0.5,3,False,0,0,0
135,XAUUSD,60,7,11,2,0.16,1,False,True,0.3,0.3,0.55,1.0,3.6,0.7,25,120,0.8,0.5,3,False,0,0,0
136,XAUUSD,50,5,14,3,0.16,1.5,False,True,0.35,0.6,0.55,1.8,3.0,1.0,25,60,0.5,0.5,3,False,0,0,0
137,XAUUSD,45,5,12,3,0.22,2,False,True,0.32,0.5,0.7,1.2,3.0,0.8,30,90,0.6,0.5,3,False,0,0,0
138,XAUUSD,45,7,14,3,0.22,1,False,True,0.32,0.5,0.6,1.5,4.0,0.8,40,90,0.5,0.5,2,False,0,0,0
139,XAUUSD,55,7,16,2,0.22,2.5,False,True,0.28,0.4,0.55,1.2,2.4,1.0,30,60,0.6,0.5,3,True,0.04,2400,0
140,XAUUSD,55,5,16,3,0.2,2,False,True,0.32,0.4,0.65,1.5,3.0,1.0,40,60,0.8,0.5,3,False,0,0,0
141,XAUUSD,45,7,14,4,0.18,1,False,True,0.3,0.5,0.65,1.8,4.0,1.0,25,45,0.6,0.5,3,False,0,0,0
142,XAUUSD,45,7,11,3,0.22,2,False,True,0.32,0.6,0.65,1.2,4.0,0.6,35,45,0.5,0.5,3,False,0,0,0
143,XAUUSD,60,6,14,4,0.22,2.5,True,True,0.3,0.6,0.7,0.9,3.6,1.0,25,90,0.5,0.5,3,False,0,0,0
144,XAUUSD,45,7,11,4,0.22,2.5,False,True,0.35,0.3,0.55,2.2,2.4,0.9,35,120,0.8,0.5,2,False,0,0,0
145,XAUUSD,45,6,14,2,0.16,1,False,True,0.3,0.4,0.6,0.9,2.4,0.6,40,60,0.6,0.5,3,True,0.04,2400,0
146,XAUUSD,45,5,16,4,0.16,1,True,True,0.28,0.4,0.6,2.0,4.0,0.9,50,45,0.7,0.5,2,False,0,0,0
147,XAUUSD,50,7,11,2,0.22,1.5,True,True,0.35,0.5,0.6,1.8,2.4,0.8,50,90,0.5,0.5,2,False,0,0,0
148,XAUUSD,45,6,11,4,0.2,2.5,False,True,0.3,0.5,0.6,2.2,3.0,0.8,30,120,0.5,0.5,2,False,0,0,0
149,XAUUSD,60,5,16,3,0.16,2,False,True,0.35,0.6,0.55,0.9,2.0,0.7,25,120,0.5,0.5,2,False,0,0,0
150,XAUUSD,45,7,12,3,0.18,1.5,False,True,0.35,0.5,0.6,1.5,3.6,0.9,35,45,0.7,0.5,3,True,0.04,2400,0
151,XAUUSD,60,5,16,3,0.18,2.5,False,True,0.35,0.4,0.65,1.8,4.0,1.0,30,60,0.8,0.5,2,True,0.04,2400,0
152,XAUUSD,60,5,11,2,0.2,2.5,False,True,0.3,0.6,0.6,1.8,2.4,0.7,40,60,0.5,0.5,3,False,0,0,0
153,XAUUSD,45,7,11,4,0.16,2,False,True,0.28,0.4,0.6,2.0,3.6,0.7,35,45,0.7,0.5,3,False,0,0,0
154,XAUUSD,45,5,14,2,0.18,1,False,True,0.32,0.4,0.7,1.8,3.0,1.0,35,90,0.6,0.5,2,False,0,0,0
155,XAUUSD,55,6,11,4,0.22,1.5,False,True,0.3,0.3,0.6,2.0,3.0,0.8,25,60,0.6,0.5,2,False,0,0,0
156,XAUUSD,55,6,16,3,0.2,2.5,False,True,0.32,0.3,0.6,2.0,3.6,0.7,50,90,0.7,0.5,2,False,0,0,0
157,XAUUSD,55,7,14,3,0.22,2,False,True,0.3,0.5,0.65,1.5,2.0,0.6,50,90,0.8,0.5,3,False,0,0,0
158,XAUUSD,55,7,12,4,0.16,1,False,True,0.35,0.3,0.65,1.2,4.0,0.6,25,90,0.6,0.5,3,False,0,0,0
159,XAUUSD,50,6,11,2,0.16,2.5,True,True,0.35,0.6,0.7,1.5,3.0,0.7,30,45,0.5,0.5,3,False,0,0,0
160,XAUUSD,50,5,12,2,0.16,2,True,True,0.35,0.5,0.6,2.0,2.4,0.6,50,45,0.5,0.5,3,False,0,0,0
161,XAUUSD,60,7,12,4,0.18,1,False,True,0.28,0.6,0.55,1.5,3.6,0.9,40,45,0.5,0.5,2,False,0,0,0
162,XAUUSD,50,5,16,2,0.16,2.5,False,True,0.28,0.5,0.6,1.8,3.6,1.0,25,120,0.8,0.5,2,False,0,0,0
163,XAUUSD,55,7,12,2,0.22,2,False,True,0.28,0.6,0.55,1.0,3.0,0.7,25,45,0.8,0.5,2,False,0,0,0
164,XAUUSD,50,5,11,3,0.16,1,False,True,0.32,0.6,0.55,2.0,3.0,0.8,50,120,0.6,0.5,2,False,0,0,0
165,XAUUSD,50,7,16,4,0.16,2,False,True,0.28,0.4,0.6,1.2,3.0,0.6,25,120,0.5,0.5,3,True,0.04,2400,0
166,XAUUSD,60,5,11,4,0.16,1.5,False,True,0.3,0.3,0.65,2.0,3.0,0.6,25,45,0.5,0.5,2,False,0,0,0
167,XAUUSD,60,5,14,3,0.22,1,True,True,0.35,0.5,0.6,2.2,2.4,0.8,30,60,0.5,0.5,2,False,0,0,0
168,XAUUSD,55,6,16,3,0.18,2.5,True,True,0.28,0.5,0.55,2.2,3.0,1.0,50,60,0.8,0.5,2,True,0.04,2400,0
169,XAUUSD,45,7,16,2,0.18,1,True,True,0.28,0.3,0.65,1.2,2.0,0.7,25,60,0.6,0.5,2,True,0.04,2400,0
170,XAUUSD,60,7,16,2,0.18,1,False,True,0.35,0.3,0.7,1.5,3.0,0.6,25,90,0.7,0.5,2,False,0,0,0
171,XAUUSD,50,7,14,3,0.16,1.5,False,True,0.3,0.6,0.55,1.8,4.0,0.7,40,60,0.5,0.5,3,False,0,0,0
172,XAUUSD,60,7,14,4,0.18,1.5,False,True,0.3,0.6,0.6,1.2,2.0,1.0,40,90,0.5,0.5,2,False,0,0,0
173,XAUUSD,55,7,16,2,0.16,2,True,True,0.28,0.5,0.65,1.5,3.6,0.9,40,60,0.5,0.5,2,False,0,0,0
174,XAUUSD,60,5,11,2,0.22,2.5,False,True,0.3,0.4,0.7,1.5,3.6,0.7,40,60,0.5,0.5,3,False,0,0,0
175,XAUUSD,50,7,11,3,0.2,2.5,False,True,0.3,0.5,0.6,1.5,2.4,0.6,30,120,0.5,0.5,2,False,0,0,0
176,XAUUSD,60,7,14,4,0.18,1,False,True,0.28,0.4,0.55,1.5,2.0,0.6,50,90,0.6,0.5,3,False,0,0,0
177,XAUUSD,45,5,11,2,0.22,2.5,True,True,0.35,0.6,0.65,1.5,3.0,0.9,30,120,0.6,0.5,3,False,0,0,0
178,XAUUSD,60,7,12,2,0.2,1.5,False,True,0.3,0.5,0.7,0.9,4.0,0.7,50,60,0.5,0.5,3,False,0,0,0
179,XAUUSD,50,6,12,4,0.16,1,False,True,0.35,0.5,0.6,1.0,2.4,0.8,35,120,0.7,0.5,2,False,0,0,0
180,XAUUSD,50,5,14,2,0.2,2.5,False,True,0.32,0.3,0.65,2.0,4.0,0.7,35,120,0.8,0.5,3,False,0,0,0
181,XAUUSD,50,5,11,3,0.2,2.5,True,True,0.3,0.5,0.55,1.5,2.0,0.6,25,60,0.7,0.5,2,False,0,0,0
182,XAUUSD,55,5,14,3,0.18,1,True,True,0.32,0.4,0.7,2.0,3.0,1.0,30,90,0.6,0.5,3,False,0,0,0
183,XAUUSD,55,5,12,3,0.2,2,False,True,0.3,0.6,0.65,1.8,2.0,0.9,35,60,0.8,0.5,2,False,0,0,0
184,XAUUSD,55,6,11,2,0.16,1,True,True,0.28,0.4,0.6,1.2,4.0,0.6,40,60,0.5,0.5,2,False,0,0,0
185,XAUUSD,45,6,16,2,0.16,1.5,False,True,0.32,0.5,0.7,2.2,2.4,0.8,40,45,0.6,0.5,2,True,0.04,2400,0
186,XAUUSD,45,7,12,3,0.2,2.5,False,True,0.35,0.5,0.65,2.2,2.4,0.7,40,45,0.6,0.5,2,True,0.04,2400,0
187,XAUUSD,60,6,16,2,0.16,1.5,False,True,0.28,0.6,0.7,2.2,3.6,0.9,50,120,0.8,0.5,2,False,0,0,0
188,XAUUSD,50,5,16,2,0.18,1.5,False,True,0.32,0.4,0.65,0.9,3.0,1.0,40,45,0.8,0.5,2,True,0.04,2400,0
189,XAUUSD,50,5,11,2,0.18,1.5,False,True,0.32,0.5,0.6,1.8,2.4,0.6,25,90,0.5,0.5,3,False,0,0,0
190,XAUUSD,45,6,16,3,0.18,1.5,True,True,0.3,0.4,0.55,1.0,3.0,0.9,25,45,0.5,0.5,2,True,0.04,2400,0
191,XAUUSD,60,7,12,3,0.22,2,True,True,0.3,0.3,0.55,1.0,2.4,0.8,50,45,0.5,0.5,2,False,0,0,0
192,XAUUSD,60,6,14,2,0.18,1,True,True,0.35,0.3,0.6,1.5,3.0,1.0,35,120,0.6,0.5,2,True,0.04,2400,0
193,XAUUSD,55,7,16,3,0.22,1.5,False,True,0.32,0.3,0.6,0.9,3.0,0.8,25,45,0.5,0.5,2,False,0,0,0
194,XAUUSD,50,7,14,4,0.22,2.5,False,True,0.28,0.6,0.65,1.0,4.0,0.7,30,90,0.6,0.5,3,False,0,0,0
195,XAUUSD,45,6,11,2,0.2,1.5,False,True,0.32,0.4,0.6,1.0,4.0,0.6,40,45,0.7,0.5,3,False,0,0,0
196,XAUUSD,60,7,12,2,0.16,1,True,True,0.35,0.6,0.65,1.0,3.6,1.0,40,45,0.8,0.5,3,False,0,0,0
197,XAUUSD,55,7,11,2,0.18,2,False,True,0.3,0.6,0.55,1.5,3.0,0.7,50,120,0.5,0.5,3,False,0,0,0
198,XAUUSD,50,5,12,4,0.22,1,False,True,0.3,0.4,0.65,1.5,2.0,0.6,50,120,0.6,0.5,2,True,0.04,2400,0
199,XAUUSD,55,7,14,3,0.22,1,False,True,0.28,0.6,0.6,0.9,2.0,0.8,50,45,0.6,0.5,2,True,0.04,2400,0
200,XAUUSD,60,5,14,4,0.22,2.5,True,True,0.28,0.4,0.7,2.0,2.4,1.0,35,120,0.5,0.5,2,False,0,0,0
201,XAUUSD,60,7,14,4,0.16,1,True,True,0.32,0.5,0.55,1.0,3.0,1.0,40,120,0.8,0.5,2,False,0,0,0
202,XAUUSD,50,5,16,3,0.2,2.5,False,True,0.32,0.6,0.7,1.5,3.6,1.0,35,45,0.7,0.5,2,False,0,0,0
203,XAUUSD,45,5,11,4,0.16,1,False,True,0.3,0.3,0.55,0.9,2.4,0.7,40,120,0.5,0.5,3,False,0,0,0
204,XAUUSD,45,6,14,2,0.18,1.5,False,True,0.3,0.3,0.7,1.0,2.4,0.7,50,60,0.6,0.5,3,True,0.04,2400,0
205,XAUUSD,45,5,11,2,0.2,1,False,True,0.28,0.5,0.65,1.2,2.4,0.9,35,45,0.6,0.5,3,True,0.04,2400,0
206,XAUUSD,50,6,12,3,0.22,2,False,True,0.3,0.3,0.7,1.5,3.6,0.9,35,60,0.6,0.5,2,True,0.04,2400,0
207,XAUUSD,55,6,16,4,0.16,2.5,False,True,0.28,0.5,0.55,1.2,2.4,0.8,35,45,0.6,0.5,2,False,0,0,0
208,XAUUSD,60,6,14,3,0.16,1,False,True,0.32,0.3,0.65,1.8,2.0,0.7,50,60,0.5,0.5,2,False,0,0,0
209,XAUUSD,55,6,11,3,0.16,1,False,True,0.35,0.4,0.65,0.9,4.0,0.9,50,90,0.6,0.5,3,False,0,0,0
210,XAUUSD,60,5,12,3,0.18,1,True,True,0.28,0.4,0.6,1.5,3.6,0.7,25,120,0.5,0.5,2,True,0.04,2400,0
211,XAUUSD,45,7,11,2,0.16,2.5,False,True,0.28,0.4,0.7,2.2,4.0,0.6,30,45,0.6,0.5,2,False,0,0,0
212,XAUUSD,60,5,12,3,0.22,2,False,True,0.32,0.5,0.55,2.2,3.6,0.8,35,60,0.8,0.5,3,False,0,0,0
213,XAUUSD,45,5,11,3,0.16,2.5,False,True,0.28,0.3,0.55,1.2,3.6,0.7,30,120,0.8,0.5,2,False,0,0,0
214,XAUUSD,50,7,14,4,0.22,2.5,False,True,0.35,0.6,0.7,0.9,3.6,0.7,35,120,0.8,0.5,3,False,0,0,0
215,XAUUSD,60,5,16,2,0.22,1.5,False,True,0.35,0.5,0.55,1.5,3.0,0.9,40,90,0.7,0.5,3,False,0,0,0
216,XAUUSD,50,5,16,3,0.18,1,False,True,0.28,0.4,0.55,0.9,2.4,0.7,35,45,0.5,0.5,2,False,0,0,0
217,XAUUSD,60,5,14,4,0.16,1.5,False,True,0.3,0.5,0.65,2.0,3.0,0.9,25,90,0.8,0.5,2,False,0,0,0
218,XAUUSD,55,6,11,2,0.18,2,False,True,0.28,0.5,0.55,1.8,4.0,0.6,35,120,0.6,0.5,2,False,0,0,0
219,XAUUSD,50,7,12,3,0.2,2.5,False,True,0.28,0.3,0.7,1.5,3.6,0.7,30,90,0.7,0.5,3,False,0,0,0
220,XAUUSD,45,7,12,3,0.16,1.5,True,True,0.3,0.5,0.55,2.2,3.6,1.0,40,60,0.6,0.5,2,False,0,0,0
221,XAUUSD,50,6,12,4,0.16,1,False,True,0.35,0.5,0.7,1.8,2.0,0.8,50,90,0.6,0.5,3,True,0.04,2400,0
222,XAUUSD,60,5,11,2,0.2,1,False,True,0.35,0.3,0.6,1.5,4.0,0.7,30,90,0.8,0.5,2,False,0,0,0
223,XAUUSD,55,5,14,4,0.16,2,False,True,0.3,0.3,0.7,1.2,3.6,0.7,50,45,0.6,0.5,3,False,0,0,0
224,XAUUSD,60,7,12,3,0.16,2,True,True,0.28,0.5,0.6,2.2,4.0,1.0,25,60,0.5,0.5,3,True,0.04,2400,0
225,XAUUSD,55,5,16,2,0.2,1,False,True,0.32,0.4,0.7,1.0,3.0,0.8,50,60,0.5,0.5,2,False,0,0,0
226,XAUUSD,45,6,12,2,0.22,2.5,False,True,0.32,0.6,0.7,2.2,3.0,1.0,25,120,0.7,0.5,3,False,0,0,0
227,XAUUSD,55,6,14,2,0.22,2,False,True,0.28,0.4,0.7,1.2,2.0,0.7,35,45,0.5,0.5,2,True,0.04,2400,0
228,XAUUSD,55,5,12,3,0.18,2,False,True,0.35,0.4,0.6,1.0,2.4,0.9,30,45,0.8,0.5,3,False,0,0,0
229,XAUUSD,45,5,16,4,0.16,1.5,False,True,0.32,0.6,0.6,1.2,3.6,0.8,30,45,0.5,0.5,3,False,0,0,0
230,XAUUSD,55,6,12,4,0.2,1.5,False,True,0.3,0.4,0.6,2.0,4.0,1.0,40,120,0.6,0.5,2,True,0.04,2400,0
231,XAUUSD,45,6,12,4,0.16,2,True,True,0.3,0.6,0.55,1.2,2.0,0.7,40,45,0.6,0.5,3,False,0,0,0
232,XAUUSD,60,7,16,3,0.18,2.5,False,True,0.32,0.4,0.7,0.9,2.4,1.0,40,90,0.5,0.5,2,False,0,0,0
233,XAUUSD,50,6,16,2,0.2,1,True,True,0.3,0.3,0.55,0.9,4.0,0.6,30,60,0.8,0.5,3,False,0,0,0
234,XAUUSD,50,7,16,4,0.2,1,False,True,0.28,0.6,0.65,2.2,4.0,0.8,40,120,0.6,0.5,3,False,0,0,0
235,XAUUSD,45,7,12,2,0.16,2,False,True,0.35,0.4,0.65,1.0,4.0,1.0,30,120,0.5,0.5,3,False,0,0,0
236,XAUUSD,60,6,14,4,0.22,2,False,True,0.32,0.5,0.7,2.0,4.0,0.8,25,60,0.5,0.5,3,False,0,0,0
237,XAUUSD,50,7,16,4,0.16,1.5,True,True,0.3,0.6,0.55,0.9,4.0,1.0,50,90,0.7,0.5,3,False,0,0,0
238,XAUUSD,55,6,14,3,0.18,1,False,True,0.3,0.6,0.6,2.2,3.0,1.0,40,60,0.7,0.5,2,False,0,0,0
239,XAUUSD,45,7,11,4,0.2,1,False,True,0.35,0.5,0.65,1.5,3.0,0.8,25,120,0.6,0.5,2,True,0.04,2400,0
240,XAUUSD,55,5,11,4,0.16,1.5,False,True,0.28,0.5,0.55,2.2,3.6,0.9,30,120,0.8,0.5,2,False,0,0,0
241,XAUUSD,55,5,12,2,0.18,2,False,True,0.28,0.3,0.6,2.2,4.0,1.0,50,45,0.8,0.5,3,False,0,0,0
242,XAUUSD,50,7,11,3,0.2,2.5,False,True,0.28,0.5,0.6,2.2,4.0,1.0,50,60,0.7,0.5,2,False,0,0,0
243,XAUUSD,55,5,11,3,0.2,2,True,True,0.35,0.5,0.7,0.9,3.0,0.8,25,90,0.6,0.5,3,False,0,0,0
244,XAUUSD,45,7,16,2,0.22,2.5,False,True,0.35,0.3,0.65,1.0,4.0,0.7,25,120,0.8,0.5,3,False,0,0,0
245,XAUUSD,55,7,14,3,0.22,2,False,True,0.35,0.6,0.7,0.9,3.6,0.8,40,90,0.5,0.5,3,False,0,0,0
246,XAUUSD,45,6,14,3,0.18,1,False,True,0.35,0.6,0.7,1.8,3.0,0.9,50,120,0.8,0.5,3,False,0,0,0
247,XAUUSD,50,5,12,4,0.22,2.5,False,True,0.35,0.4,0.6,1.2,4.0,1.0,35,60,0.8,0.5,2,False,0,0,0
248,XAUUSD,50,6,16,3,0.18,1.5,False,True,0.3,0.3,0.55,1.5,4.0,0.7,25,45,0.8,0.5,3,False,0,0,0
249,XAUUSD,60,7,14,2,0.18,2.5,False,True,0.35,0.4,0.55,1.8,4.0,0.6,35,90,0.8,0.5,2,True,0.04,2400,0
250,XAUUSD,50,6,14,3,0.22,1.5,False,True,0.28,0.5,0.7,1.8,4.0,0.9,40,45,0.8,0.5,2,False,0,0,0
251,XAUUSD,45,6,11,2,0.2,2.5,False,True,0.32,0.4,0.55,1.8,3.6,0.7,50,90,0.6,0.5,3,False,0,0,0
252,XAUUSD,55,6,12,2,0.2,2,False,True,0.3,0.4,0.55,1.8,3.6,1.0,25,45,0.5,0.5,2,False,0,0,0
253,XAUUSD,50,5,14,4,0.16,1,True,True,0.3,0.5,0.7,2.2,3.6,0.6,40,90,0.8,0.5,3,True,0.04,2400,0
254,XAUUSD,60,7,11,4,0.22,2.5,False,True,0.32,0.6,0.7,0.9,4.0,0.8,40,45,0.7,0.5,2,False,0,0,0
255,XAUUSD,60,6,16,2,0.22,2,False,True,0.28,0.3,0.6,1.8,3.6,1.0,30,120,0.7,0.5,3,False,0,0,0
256,XAUUSD,60,5,14,4,0.16,1,False,True,0.28,0.6,0.7,0.9,2.0,0.7,50,120,0.5,0.5,3,False,0,0,0
257,XAUUSD,55,5,16,3,0.16,2.5,False,True,0.32,0.4,0.6,1.2,3.6,0.8,25,120,0.7,0.5,3,False,0,0,0
258,XAUUSD,55,5,11,2,0.16,1.5,False,True,0.3,0.6,0.55,1.2,3.0,0.9,25,60,0.7,0.5,2,False,0,0,0
259,XAUUSD,45,5,11,2,0.18,2.5,True,True,0.35,0.3,0.6,0.9,3.6,0.8,50,90,0.6,0.5,2,False,0,0,0
260,XAUUSD,55,6,14,2,0.18,1,False,True,0.35,0.4,0.6,2.0,3.6,0.8,35,60,0.7,0.5,2,False,0,0,0
261,XAUUSD,60,6,12,4,0.2,1,True,True,0.3,0.5,0.6,1.5,4.0,0.7,40,45,0.7,0.5,2,False,0,0,0
262,XAUUSD,45,6,14,3,0.18,2.5,True,True,0.3,0.5,0.55,1.0,3.6,0.7,25,120,0.6,0.5,2,False,0,0,0
263,XAUUSD,50,6,14,3,0.16,1.5,False,True,0.35,0.5,0.55,2.0,3.6,0.6,35,120,0.7,0.5,2,False,0,0,0
264,XAUUSD,60,7,14,2,0.18,2,False,True,0.32,0.3,0.6,1.5,2.4,0.7,35,60,0.8,0.5,2,False,0,0,0
265,XAUUSD,45,7,11,3,0.2,1.5,True,True,0.3,0.6,0.7,1.5,4.0,0.8,35,120,0.5,0.5,3,False,0,0,0
266,XAUUSD,60,6,16,2,0.16,1.5,False,True,0.28,0.5,0.55,1.0,2.0,0.9,40,60,0.6,0.5,2,False,0,0,0
267,XAUUSD,60,7,16,4,0.2,1.5,True,True,0.32,0.5,0.65,2.0,3.6,0.9,40,120,0.7,0.5,2,False,0,0,0
268,XAUUSD,55,6,11,2,0.2,1,True,True,0.3,0.4,0.65,0.9,3.6,0.7,50,60,0.5,0.5,3,False,0,0,0
269,XAUUSD,55,6,14,3,0.22,2.5,False,True,0.35,0.3,0.6,1.0,3.6,1.0,30,90,0.6,0.5,3,False,0,0,0
270,XAUUSD,45,5,12,3,0.18,2.5,True,True,0.32,0.3,0.7,1.0,2.0,1.0,40,120,0.7,0.5,3,False,0,0,0
271,XAUUSD,55,6,12,2,0.22,2.5,True,True,0.35,0.3,0.6,0.9,3.0,1.0,50,45,0.7,0.5,2,False,0,0,0
272,XAUUSD,50,6,16,2,0.18,2.5,False,True,0.28,0.3,0.65,0.9,3.0,0.9,30,90,0.6,0.5,2,True,0.04,2400,0
273,XAUUSD,55,5,16,3,0.16,2,False,True,0.28,0.3,0.65,1.8,3.0,0.7,30,120,0.8,0.5,3,True,0.04,2400,0
274,XAUUSD,50,6,14,4,0.16,1,False,True,0.3,0.5,0.65,2.0,3.6,0.8,50,45,0.8,0.5,3,True,0.04,2400,0
275,XAUUSD,45,7,11,2,0.16,2,False,True,0.35,0.6,0.6,1.8,2.0,0.6,30,45,0.6,0.5,2,False,0,0,0
276,XAUUSD,60,5,14,4,0.22,2.5,False,True,0.35,0.4,0.7,0.9,3.6,0.8,30,90,0.5,0.5,3,False,0,0,0
277,XAUUSD,55,5,14,2,0.18,2,True,True,0.28,0.5,0.55,1.8,3.0,0.7,40,90,0.8,0.5,3,False,0,0,0
278,XAUUSD,60,6,12,3,0.16,1,False,True,0.32,0.4,0.6,1.5,4.0,0.7,30,45,0.5,0.5,2,True,0.04,2400,0
279,XAUUSD,45,7,16,2,0.2,1.5,True,True,0.35,0.3,0.55,1.0,2.4,0.6,35,90,0.7,0.5,3,False,0,0,0
280,XAUUSD,60,7,14,3,0.18,2,False,True,0.35,0.3,0.6,1.5,3.6,0.7,25,60,0.6,0.5,2,True,0.04,2400,0
281,XAUUSD,50,6,14,3,0.18,2,True,True,0.32,0.4,0.65,2.0,3.6,0.9,40,120,0.5,0.5,2,False,0,0,0
282,XAUUSD,50,6,14,4,0.16,1.5,False,True,0.28,0.3,0.65,1.0,2.0,1.0,50,60,0.7,0.5,3,False,0,0,0
283,XAUUSD,45,7,14,4,0.22,1,False,True,0.32,0.3,0.65,1.2,2.4,0.7,30,90,0.6,0.5,2,True,0.04,2400,0
284,XAUUSD,50,7,16,3,0.16,1,True,True,0.35,0.4,0.6,1.0,3.6,0.7,25,120,0.8,0.5,2,False,0,0,0
285,XAUUSD,60,5,14,2,0.16,2.5,True,True,0.32,0.5,0.7,0.9,3.0,0.6,30,60,0.6,0.5,2,True,0.04,2400,0
286,XAUUSD,50,5,12,2,0.22,2,False,True,0.28,0.4,0.65,1.0,2.4,1.0,30,45,0.7,0.5,2,False,0,0,0
287,XAUUSD,45,7,14,4,0.18,2.5,True,True,0.28,0.6,0.65,1.8,3.0,1.0,50,90,0.7,0.5,2,False,0,0,0
288,XAUUSD,50,5,12,2,0.18,2.5,False,True,0.35,0.4,0.7,1.2,4.0,0.9,50,45,0.5,0.5,2,False,0,0,0
289,XAUUSD,60,5,14,4,0.18,1,False,True,0.32,0.4,0.6,2.0,4.0,1.0,30,120,0.5,0.5,3,False,0,0,0
290,XAUUSD,60,7,12,2,0.18,1,True,True,0.32,0.4,0.7,1.8,2.0,1.0,40,90,0.8,0.5,2,False,0,0,0
291,XAUUSD,50,6,11,2,0.16,1.5,False,True,0.3,0.4,0.65,1.2,2.0,0.9,50,45,0.5,0.5,2,False,0,0,0
292,XAUUSD,45,5,12,4,0.22,1,False,True,0.32,0.3,0.6,2.2,3.0,0.7,40,90,0.8,0.5,2,False,0,0,0
293,XAUUSD,45,7,11,4,0.18,1.5,False,True,0.35,0.3,0.7,0.9,2.4,0.6,40,45,0.8,0.5,3,False,0,0,0
294,XAUUSD,50,7,16,4,0.18,2.5,False,True,0.28,0.4,0.55,1.8,3.0,1.0,25,45,0.6,0.5,2,True,0.04,2400,0
295,XAUUSD,50,6,14,4,0.2,1,False,True,0.28,0.5,0.7,0.9,2.0,1.0,25,45,0.7,0.5,2,False,0,0,0
296,XAUUSD,45,6,16,3,0.16,1.5,False,True,0.35,0.3,0.7,1.8,2.0,0.8,25,90,0.5,0.5,2,False,0,0,0
297,XAUUSD,45,5,14,2,0.2,1.5,True,True,0.32,0.5,0.6,1.2,3.6,0.6,30,60,0.5,0.5,2,False,0,0,0
298,XAUUSD,45,6,16,4,0.2,1,True,True,0.28,0.3,0.65,2.0,3.0,0.6,40,90,0.5,0.5,3,False,0,0,0
299,XAUUSD,50,5,11,3,0.2,1.5,False,True,0.35,0.6,0.65,2.2,4.0,1.0,40,120,0.5,0.5,3,False,0,0,0
300,XAUUSD,50,6,16,2,0.2,1.5,False,True,0.32,0.6,0.7,2.2,3.0,0.7,50,60,0.7,0.5,3,False,0,0,0
301,XAUUSD,50,7,11,2,0.16,1,False,True,0.28,0.5,0.6,1.5,3.0,0.7,50,120,0.8,0.5,3,False,0,0,0
302,XAUUSD,50,7,11,3,0.22,2.5,False,True,0.32,0.3,0.6,1.5,2.0,1.0,35,60,0.6,0.5,3,False,0,0,0
303,XAUUSD,60,7,14,3,0.18,1.5,False,True,0.32,0.4,0.65,1.5,2.4,0.9,40,45,0.8,0.5,3,False,0,0,0
304,XAUUSD,60,6,12,3,0.18,1.5,True,True,0.32,0.5,0.55,1.2,2.0,0.6,35,45,0.8,0.5,2,True,0.04,2400,0
305,XAUUSD,45,6,11,2,0.16,2,False,True,0.35,0.3,0.55,1.0,2.4,0.6,35,90,0.6,0.5,3,True,0.04,2400,0
306,XAUUSD,45,6,14,3,0.22,2,False,True,0.3,0.3,0.7,2.2,2.4,0.9,25,60,0.8,0.5,2,True,0.04,2400,0
307,XAUUSD,50,6,16,3,0.22,1,True,True,0.28,0.4,0.6,1.8,3.6,0.7,25,45,0.8,0.5,3,False,0,0,0
308,XAUUSD,55,7,11,3,0.16,1.5,False,True,0.35,0.3,0.65,1.8,3.0,0.7,40,120,0.7,0.5,3,False,0,0,0
309,XAUUSD,60,6,16,3,0.2,2.5,False,True,0.32,0.5,0.6,2.0,2.4,0.6,30,90,0.6,0.5,3,False,0,0,0
310,XAUUSD,55,6,11,3,0.2,2.5,True,True,0.28,0.5,0.65,2.2,2.4,0.8,50,90,0.5,0.5,2,False,0,0,0
311,XAUUSD,55,7,11,3,0.18,1,False,True,0.28,0.5,0.6,1.5,2.0,0.7,25,90,0.7,0.5,3,True,0.04,2400,0
312,XAUUSD,50,5,16,3,0.18,2.5,False,True,0.32,0.3,0.7,1.5,2.0,1.0,30,90,0.5,0.5,2,False,0,0,0
313,XAUUSD,50,7,14,4,0.16,2.5,False,True,0.28,0.6,0.65,2.0,3.0,0.8,50,45,0.8,0.5,3,False,0,0,0
314,XAUUSD,55,7,12,3,0.16,2,False,True,0.32,0.3,0.65,1.5,3.0,0.8,35,90,0.6,0.5,3,False,0,0,0
315,XAUUSD,55,7,16,2,0.16,2.5,True,True,0.3,0.4,0.65,0.9,2.0,0.7,30,45,0.7,0.5,2,False,0,0,0
316,XAUUSD,45,7,12,4,0.18,1,False,True,0.28,0.3,0.7,0.9,3.6,0.6,30,120,0.8,0.5,2,False,0,0,0
317,XAUUSD,50,7,16,2,0.2,1,False,True,0.3,0.6,0.6,1.5,3.0,0.9,25,60,0.5,0.5,2,True,0.04,2400,0
318,XAUUSD,55,6,11,4,0.16,1.5,False,True,0.28,0.3,0.55,1.2,4.0,0.6,40,120,0.8,0.5,3,False,0,0,0
319,XAUUSD,50,5,16,4,0.16,1.5,True,True,0.32,0.6,0.55,1.8,2.4,0.7,30,60,0.6,0.5,3,False,0,0,0
320,XAUUSD,60,5,11,3,0.16,1.5,False,True,0.3,0.4,0.65,1.5,3.6,0.6,30,45,0.7,0.5,3,False,0,0,0
321,XAUUSD,50,6,14,2,0.16,1,False,True,0.28,0.3,0.65,1.0,4.0,0.9,50,45,0.8,0.5,3,False,0,0,0
322,XAUUSD,55,7,16,2,0.2,2.5,False,True,0.35,0.4,0.65,1.5,4.0,0.6,50,60,0.8,0.5,2,False,0,0,0
323,XAUUSD,50,6,16,3,0.16,2,True,True,0.35,0.5,0.7,1.2,2.4,0.8,35,60,0.6,0.5,2,False,0,0,0
324,XAUUSD,55,7,14,2,0.2,1,True,True,0.35,0.3,0.65,1.2,2.0,0.7,35,60,0.5,0.5,2,False,0,0,0
325,XAUUSD,55,5,12,4,0.18,2.5,False,True,0.35,0.4,0.7,0.9,4.0,0.9,35,60,0.5,0.5,2,False,0,0,0
326,XAUUSD,45,7,12,3,0.16,2,False,True,0.28,0.6,0.65,1.2,3.0,0.7,30,60,0.7,0.5,3,False,0,0,0
327,XAUUSD,45,6,11,4,0.16,2.5,False,True,0.3,0.5,0.6,2.0,3.0,0.8,40,60,0.7,0.5,2,True,0.04,2400,0
328,XAUUSD,45,5,12,4,0.22,2,False,True,0.3,0.5,0.55,2.2,3.6,0.9,30,120,0.6,0.5,2,True,0.04,2400,0
329,XAUUSD,50,5,11,3,0.2,2,True,True,0.32,0.3,0.6,2.2,2.4,1.0,25,45,0.5,0.5,3,False,0,0,0
330,XAUUSD,45,7,12,2,0.22,1.5,True,True,0.28,0.3,0.55,1.0,4.0,0.9,35,60,0.8,0.5,2,False,0,0,0
331,XAUUSD,55,5,12,2,0.18,2,False,True,0.28,0.6,0.65,1.2,2.0,0.8,50,60,0.7,0.5,3,False,0,0,0
332,XAUUSD,50,6,11,4,0.16,1,False,True,0.3,0.6,0.55,1.2,2.0,1.0,40,60,0.6,0.5,2,False,0,0,0
333,XAUUSD,60,6,16,4,0.18,2,False,True,0.35,0.6,0.55,1.8,4.0,0.6,25,60,0.6,0.5,3,False,0,0,0
334,XAUUSD,55,7,14,2,0.22,1,True,True,0.32,0.3,0.65,1.0,4.0,1.0,35,45,0.7,0.5,3,True,0.04,2400,0
335,XAUUSD,50,7,16,2,0.16,2,True,True,0.32,0.3,0.7,1.0,2.0,0.6,35,60,0.5,0.5,3,False,0,0,0
336,XAUUSD,60,6,12,3,0.2,2,False,True,0.32,0.3,0.7,0.9,2.0,0.9,30,90,0.5,0.5,2,False,0,0,0
337,XAUUSD,55,6,14,4,0.2,2.5,False,True,0.32,0.3,0.55,0.9,2.4,0.9,40,120,0.5,0.5,3,False,0,0,0
338,XAUUSD,60,6,12,4,0.16,2,False,True,0.35,0.4,0.7,2.2,2.4,0.7,25,45,0.8,0.5,2,True,0.04,2400,0
339,XAUUSD,45,7,11,3,0.2,1,False,True,0.35,0.6,0.65,1.5,3.6,0.9,30,60,0.8,0.5,3,False,0,0,0
340,XAUUSD,60,6,16,3,0.2,2.5,True,True,0.32,0.4,0.7,1.8,3.0,1.0,40,60,0.5,0.5,2,False,0,0,0
341,XAUUSD,60,6,16,3,0.18,2,False,True,0.3,0.6,0.55,0.9,4.0,0.9,30,45,0.7,0.5,3,False,0,0,0
342,XAUUSD,55,7,16,4,0.16,1,False,True,0.28,0.4,0.65,0.9,3.6,1.0,35,90,0.6,0.5,3,False,0,0,0
343,XAUUSD,45,6,16,4,0.22,2,False,True,0.32,0.5,0.6,1.0,3.0,0.9,35,120,0.5,0.5,2,False,0,0,0
344,XAUUSD,55,6,14,2,0.22,2,True,True,0.35,0.5,0.6,1.8,4.0,0.7,30,90,0.6,0.5,3,False,0,0,0
345,XAUUSD,60,6,16,2,0.16,1.5,False,True,0.32,0.3,0.7,1.0,2.0,0.9,30,45,0.5,0.5,2,True,0.04,2400,0
346,XAUUSD,60,6,16,3,0.16,1,False,True,0.3,0.6,0.7,2.2,4.0,0.8,30,90,0.5,0.5,3,False,0,0,0
347,XAUUSD,45,5,14,3,0.22,1,False,True,0.3,0.5,0.7,0.9,3.0,0.7,35,60,0.7,0.5,2,True,0.04,2400,0
348,XAUUSD,60,6,14,4,0.22,2,False,True,0.32,0.4,0.65,0.9,2.0,0.7,50,90,0.7,0.5,3,False,0,0,0
349,XAUUSD,55,6,12,3,0.18,2,False,True,0.32,0.6,0.65,1.8,3.6,0.7,50,45,0.8,0.5,2,False,0,0,0
350,XAUUSD,50,6,11,3,0.2,2,False,True,0.32,0.3,0.65,1.5,2.4,0.8,35,120,0.5,0.5,2,False,0,0,0
351,XAUUSD,45,5,16,2,0.22,1,False,True,0.35,0.5,0.65,1.0,4.0,0.6,40,60,0.7,0.5,2,False,0,0,0
352,XAUUSD,55,7,14,2,0.22,1,True,True,0.32,0.3,0.7,1.5,4.0,0.8,35,90,0.6,0.5,3,False,0,0,0
353,XAUUSD,60,7,16,3,0.22,1,False,True,0.35,0.4,0.7,1.8,3.0,0.7,35,45,0.8,0.5,2,False,0,0,0
354,XAUUSD,55,7,16,2,0.22,2.5,False,True,0.35,0.5,0.65,1.2,2.0,0.6,25,60,0.7,0.5,3,False,0,0,0
355,XAUUSD,50,6,14,4,0.16,1.5,False,True,0.35,0.5,0.55,2.2,3.6,0.9,40,90,0.7,0.5,3,True,0.04,2400,0
356,XAUUSD,45,7,14,2,0.22,2.5,True,True,0.3,0.5,0.65,1.0,3.0,0.9,40,120,0.7,0.5,2,False,0,0,0
357,XAUUSD,55,6,11,3,0.22,1,False,True,0.28,0.5,0.65,1.5,3.0,0.7,50,60,0.7,0.5,2,False,0,0,0
358,XAUUSD,45,6,11,2,0.22,1.5,False,True,0.35,0.6,0.55,1.2,4.0,0.6,50,60,0.6,0.5,3,False,0,0,0
359,XAUUSD,45,5,14,3,0.16,2.5,False,True,0.28,0.4,0.55,1.2,2.4,1.0,35,45,0.8,0.5,3,False,0,0,0
360,XAUUSD,45,6,11,2,0.22,2.5,False,True,0.32,0.3,0.6,2.0,2.4,0.6,35,120,0.6,0.5,3,False,0,0,0
361,XAUUSD,50,6,12,3,0.16,2,False,True,0.32,0.4,0.6,1.0,3.6,0.9,35,60,0.6,0.5,2,False,0,0,0
362,XAUUSD,45,7,11,4,0.16,2,False,True,0.3,0.5,0.7,2.0,2.4,0.7,25,90,0.5,0.5,3,False,0,0,0
363,XAUUSD,50,7,16,4,0.16,2,False,True,0.3,0.4,0.55,1.8,3.6,0.9,40,120,0.5,0.5,2,False,0,0,0
364,XAUUSD,60,5,12,2,0.16,1.5,False,True,0.35,0.6,0.55,1.5,3.0,0.6,25,120,0.5,0.5,3,False,0,0,0
365,XAUUSD,50,5,12,3,0.2,2.5,False,True,0.3,0.4,0.6,0.9,4.0,1.0,50,90,0.8,0.5,2,False,0,0,0
366,XAUUSD,45,7,16,4,0.2,1.5,True,True,0.35,0.5,0.6,0.9,4.0,0.7,25,90,0.6,0.5,2,False,0,0,0
367,XAUUSD,50,7,14,3,0.2,2,False,True,0.28,0.4,0.65,0.9,3.0,0.8,35,45,0.8,0.5,2,False,0,0,0
368,XAUUSD,45,5,14,3,0.16,2,False,True,0.32,0.4,0.55,1.2,2.0,0.7,50,60,0.5,0.5,2,True,0.04,2400,0
369,XAUUSD,60,6,12,4,0.16,2.5,False,True,0.35,0.4,0.65,1.5,3.0,0.6,35,45,0.7,0.5,3,False,0,0,0
370,XAUUSD,50,7,16,3,0.18,2,False,True,0.3,0.4,0.65,0.9,2.4,0.6,50,120,0.5,0.5,3,False,0,0,0
371,XAUUSD,55,6,12,3,0.22,1.5,False,True,0.3,0.6,0.55,1.8,4.0,0.9,50,90,0.5,0.5,3,True,0.04,2400,0
372,XAUUSD,60,6,16,4,0.18,2,True,True,0.3,0.5,0.55,1.0,2.0,0.6,50,60,0.5,0.5,3,False,0,0,0
373,XAUUSD,60,6,12,3,0.2,2.5,True,True,0.28,0.3,0.55,0.9,4.0,0.8,40,120,0.6,0.5,3,False,0,0,0
374,XAUUSD,55,7,11,2,0.16,2,False,True,0.35,0.6,0.65,2.0,3.6,0.8,25,90,0.5,0.5,3,False,0,0,0
375,XAUUSD,60,6,11,4,0.18,1,False,True,0.28,0.3,0.65,1.5,4.0,1.0,40,60,0.7,0.5,3,False,0,0,0
376,XAUUSD,50,5,12,2,0.2,1,False,True,0.35,0.4,0.65,1.0,2.4,0.9,40,90,0.6,0.5,2,False,0,0,0
377,XAUUSD,45,7,14,4,0.18,2,False,True,0.3,0.6,0.7,1.2,4.0,0.9,40,90,0.5,0.5,3,False,0,0,0
378,XAUUSD,50,5,14,4,0.16,2,True,True,0.35,0.6,0.7,1.5,4.0,1.0,35,45,0.8,0.5,3,False,0,0,0
379,XAUUSD,60,5,16,3,0.2,2,False,True,0.28,0.4,0.7,0.9,3.0,1.0,30,60,0.7,0.5,3,True,0.04,2400,0
380,XAUUSD,45,5,14,2,0.22,2,False,True,0.35,0.5,0.6,0.9,3.6,0.7,50,90,0.6,0.5,2,False,0,0,0
381,XAUUSD,55,7,16,3,0.22,2.5,False,True,0.35,0.6,0.7,1.2,3.6,0.9,25,120,0.5,0.5,2,False,0,0,0
382,XAUUSD,60,6,16,4,0.16,1.5,False,True,0.32,0.5,0.7,1.0,3.0,0.8,40,120,0.7,0.5,2,False,0,0,0
383,XAUUSD,55,6,11,3,0.2,2,True,True,0.32,0.4,0.55,0.9,3.0,0.9,25,45,0.7,0.5,3,True,0.04,2400,0
384,XAUUSD,45,7,11,3,0.22,2,True,True,0.35,0.6,0.65,1.5,3.0,0.8,35,45,0.5,0.5,2,True,0.04,2400,0
385,XAUUSD,50,7,11,3,0.22,2.5,True,True,0.28,0.5,0.65,2.0,3.6,1.0,30,90,0.7,0.5,3,False,0,0,0
386,XAUUSD,45,5,14,3,0.22,1,False,True,0.3,0.6,0.6,2.0,3.0,0.6,35,60,0.5,0.5,3,False,0,0,0
387,XAUUSD,45,6,14,4,0.16,2,False,True,0.32,0.3,0.55,1.0,2.0,1.0,25,45,0.6,0.5,2,False,0,0,0
388,XAUUSD,60,6,12,4,0.2,1,False,True,0.3,0.4,0.55,1.5,3.0,1.0,25,120,0.5,0.5,3,False,0,0,0
389,XAUUSD,50,7,16,2,0.2,1,False,True,0.35,0.5,0.6,1.2,4.0,0.9,35,90,0.6,0.5,3,False,0,0,0
390,XAUUSD,50,5,16,3,0.2,1.5,False,True,0.3,0.4,0.65,1.2,2.0,0.7,25,90,0.6,0.5,2,False,0,0,0
391,XAUUSD,55,5,16,3,0.22,1,False,True,0.32,0.6,0.6,2.0,2.4,0.6,30,120,0.8,0.5,3,False,0,0,0
392,XAUUSD,45,7,12,2,0.2,1,False,True,0.3,0.3,0.7,1.5,3.0,0.8,25,60,0.5,0.5,3,False,0,0,0
393,XAUUSD,60,6,12,2,0.16,1,False,True,0.3,0.5,0.6,1.5,4.0,0.9,40,60,0.6,0.5,2,False,0,0,0
394,XAUUSD,55,6,16,4,0.2,1.5,False,True,0.3,0.6,0.7,2.0,3.0,0.7,40,120,0.5,0.5,3,False,0,0,0
395,XAUUSD,45,7,12,4,0.22,2.5,False,True,0.28,0.4,0.55,2.2,4.0,0.7,25,120,0.6,0.5,3,False,0,0,0
396,XAUUSD,55,7,16,2,0.2,2.5,True,True,0.32,0.4,0.55,1.0,2.0,0.8,40,90,0.6,0.5,2,False,0,0,0
397,XAUUSD,55,7,14,2,0.2,2,False,True,0.3,0.3,0.6,1.5,2.4,0.9,35,90,0.5,0.5,3,True,0.04,2400,0
398,XAUUSD,50,6,16,4,0.16,2.5,False,True,0.32,0.4,0.6,1.5,3.0,0.9,25,60,0.6,0.5,2,False,0,0,0
399,XAUUSD,45,5,11,4,0.16,1.5,False,True,0.32,0.3,0.65,2.0,4.0,0.8,30,120,0.6,0.5,3,False,0,0,0
400,XAUUSD,55,5,14,2,0.18,1,True,True,0.32,0.5,0.7,1.5,3.6,0.7,35,90,0.8,0.5,2,False,0,0,0
401,XAUUSD,60,7,16,2,0.2,1,False,True,0.35,0.5,0.65,1.8,4.0,0.7,40,90,0.7,0.5,3,False,0,0,0
402,XAUUSD,55,6,16,2,0.16,1,True,True,0.35,0.6,0.65,2.0,4.0,0.6,50,120,0.5,0.5,2,False,0,0,0
403,XAUUSD,45,5,16,3,0.18,1.5,True,True,0.28,0.5,0.55,1.2,3.0,0.9,25,120,0.7,0.5,3,True,0.04,2400,0
404,XAUUSD,60,5,14,4,0.2,1,True,True,0.32,0.3,0.7,1.2,4.0,1.0,30,90,0.5,0.5,2,False,0,0,0
405,XAUUSD,60,6,14,2,0.18,1,False,True,0.3,0.3,0.6,2.2,3.0,0.9,40,90,0.8,0.5,3,True,0.04,2400,0
406,XAUUSD,50,7,12,3,0.16,1.5,True,True,0.3,0.5,0.6,2.0,3.6,1.0,30,45,0.8,0.5,2,False,0,0,0
407,XAUUSD,60,7,16,3,0.2,1.5,True,True,0.35,0.3,0.6,1.0,3.6,0.7,30,45,0.6,0.5,2,False,0,0,0
408,XAUUSD,50,6,12,4,0.2,1.5,False,True,0.28,0.6,0.55,1.0,2.0,0.9,50,60,0.6,0.5,2,False,0,0,0
409,XAUUSD,45,6,11,2,0.16,1,True,True,0.28,0.4,0.6,2.2,2.4,0.9,25,60,0.7,0.5,3,False,0,0,0
410,XAUUSD,55,5,11,3,0.22,2,False,True,0.28,0.4,0.6,1.2,4.0,1.0,35,120,0.8,0.5,2,False,0,0,0
411,XAUUSD,50,5,14,3,0.16,2.5,False,True,0.32,0.3,0.65,1.2,4.0,0.8,35,120,0.5,0.5,3,False,0,0,0
412,XAUUSD,45,6,14,2,0.2,2,True,True,0.35,0.4,0.65,0.9,4.0,0.9,40,120,0.7,0.5,2,False,0,0,0
413,XAUUSD,50,6,16,2,0.2,2,False,True,0.3,0.6,0.6,2.0,2.4,0.8,40,45,0.7,0.5,3,True,0.04,2400,0
414,XAUUSD,45,5,14,3,0.16,1,False,True,0.32,0.6,0.6,1.2,2.0,0.7,30,60,0.5,0.5,2,False,0,0,0
415,XAUUSD,45,7,11,2,0.2,1,False,True,0.35,0.4,0.65,1.8,3.0,1.0,25,45,0.8,0.5,3,False,0,0,0
416,XAUUSD,50,6,12,3,0.22,2.5,False,True,0.3,0.5,0.55,1.2,3.6,0.6,40,90,0.8,0.5,2,False,0,0,0
417,XAUUSD,50,6,11,2,0.18,1.5,True,True,0.35,0.5,0.65,1.5,3.6,0.9,25,60,0.5,0.5,2,False,0,0,0
418,XAUUSD,50,7,14,2,0.2,2.5,True,True,0.32,0.3,0.65,1.5,3.0,0.9,50,45,0.8,0.5,3,False,0,0,0
419,XAUUSD,45,7,12,4,0.18,1.5,False,True,0.35,0.4,0.6,1.2,2.0,1.0,25,90,0.7,0.5,3,True,0.04,2400,0
420,XAUUSD,45,7,16,4,0.18,2,True,True,0.28,0.6,0.7,1.2,3.6,1.0,50,120,0.5,0.5,2,False,0,0,0
421,XAUUSD,45,6,14,4,0.16,1.5,True,True,0.28,0.6,0.65,1.8,2.4,0.6,50,45,0.6,0.5,2,False,0,0,0
422,XAUUSD,45,7,14,2,0.18,2,False,True,0.32,0.5,0.6,1.8,4.0,1.0,50,120,0.8,0.5,3,False,0,0,0
423,XAUUSD,60,5,16,2,0.18,2,False,True,0.35,0.3,0.6,1.2,3.6,0.7,50,90,0.7,0.5,3,False,0,0,0
424,XAUUSD,60,7,11,4,0.18,1.5,False,True,0.3,0.6,0.55,1.0,4.0,0.6,25,45,0.8,0.5,3,False,0,0,0
425,XAUUSD,60,7,11,3,0.18,2,True,True,0.3,0.6,0.55,1.2,2.4,1.0,35,90,0.8,0.5,3,False,0,0,0
426,XAUUSD,45,5,11,4,0.16,2.5,True,True,0.35,0.3,0.6,1.0,4.0,0.7,30,120,0.6,0.5,3,False,0,0,0
427,XAUUSD,55,5,11,3,0.16,1.5,True,True,0.32,0.5,0.7,1.2,3.6,0.7,25,90,0.7,0.5,2,False,0,0,0
428,XAUUSD,45,7,14,4,0.18,2.5,False,True,0.32,0.4,0.55,2.2,3.0,0.7,40,90,0.8,0.5,3,False,0,0,0
429,XAUUSD,55,7,11,2,0.2,1,True,True,0.32,0.4,0.55,2.0,3.0,1.0,30,120,0.5,0.5,2,False,0,0,0
430,XAUUSD,50,7,12,3,0.18,2,False,True,0.3,0.5,0.7,1.0,2.4,1.0,30,90,0.8,0.5,2,False,0,0,0
431,XAUUSD,60,6,14,4,0.18,1.5,False,True,0.3,0.4,0.65,0.9,3.6,0.7,50,45,0.6,0.5,2,True,0.04,2400,0
432,XAUUSD,55,5,12,3,0.22,1.5,True,True,0.32,0.6,0.7,2.0,3.0,0.8,50,60,0.5,0.5,3,False,0,0,0
433,XAUUSD,45,7,12,4,0.22,1,False,True,0.35,0.5,0.7,1.8,2.0,0.9,25,90,0.6,0.5,2,True,0.04,2400,0
434,XAUUSD,60,6,11,3,0.18,2,True,True,0.28,0.5,0.55,1.0,2.0,1.0,25,120,0.8,0.5,3,False,0,0,0
435,XAUUSD,55,7,14,3,0.18,1,False,True,0.3,0.3,0.65,2.0,2.4,0.8,40,60,0.7,0.5,2,False,0,0,0
436,XAUUSD,55,7,11,3,0.2,1,False,True,0.3,0.4,0.6,1.8,2.0,0.7,30,120,0.7,0.5,3,False,0,0,0
437,XAUUSD,45,6,14,3,0.16,1.5,True,True,0.35,0.6,0.65,0.9,2.0,0.9,35,60,0.8,0.5,2,True,0.04,2400,0
438,XAUUSD,45,5,12,3,0.18,2.5,False,True,0.32,0.3,0.55,1.2,3.0,0.6,25,120,0.7,0.5,2,False,0,0,0
439,XAUUSD,55,5,14,4,0.2,2.5,False,True,0.3,0.5,0.6,2.2,2.4,0.6,35,60,0.5,0.5,2,False,0,0,0
440,XAUUSD,55,5,12,2,0.22,2,False,True,0.35,0.6,0.65,2.2,3.6,0.8,50,45,0.8,0.5,2,False,0,0,0
441,XAUUSD,55,5,16,4,0.16,2,False,True,0.3,0.6,0.7,0.9,3.6,0.9,25,60,0.6,0.5,2,False,0,0,0
442,XAUUSD,45,7,12,3,0.2,2.5,True,True,0.28,0.3,0.6,1.2,3.0,0.7,50,90,0.7,0.5,3,False,0,0,0
443,XAUUSD,45,5,12,4,0.22,2,False,True,0.28,0.5,0.55,2.0,3.0,0.6,25,90,0.6,0.5,3,True,0.04,2400,0
444,XAUUSD,50,7,12,3,0.2,2,False,True,0.28,0.6,0.65,2.0,3.0,0.7,50,120,0.7,0.5,3,True,0.04,2400,0
445,XAUUSD,50,7,11,4,0.22,1,True,True,0.3,0.6,0.7,1.2,2.4,0.6,35,45,0.7,0.5,3,False,0,0,0
446,XAUUSD,55,5,11,4,0.16,1.5,True,True,0.35,0.6,0.65,1.2,3.0,0.8,30,60,0.8,0.5,2,False,0,0,0
447,XAUUSD,45,7,16,3,0.18,2.5,True,True,0.3,0.5,0.7,1.8,3.0,0.7,50,120,0.8,0.5,2,False,0,0,0
448,XAUUSD,45,5,12,4,0.2,1.5,False,True,0.32,0.6,0.7,1.2,3.0,0.9,30,120,0.8,0.5,3,False,0,0,0
449,XAUUSD,60,6,16,4,0.2,2.5,True,True,0.3,0.3,0.65,0.9,4.0,0.7,50,60,0.5,0.5,2,False,0,0,0
450,XAUUSD,55,6,14,4,0.18,1.5,False,True,0.35,0.6,0.65,1.8,2.4,0.8,30,45,0.6,0.5,3,False,0,0,0
451,XAUUSD,55,5,12,3,0.18,2.5,True,True,0.32,0.4,0.65,1.5,3.0,0.8,35,60,0.8,0.5,3,False,0,0,0
452,XAUUSD,45,7,11,3,0.2,1,False,True,0.35,0.4,0.6,1.2,2.0,0.6,25,90,0.7,0.5,2,False,0,0,0
453,XAUUSD,45,7,16,3,0.18,1.5,True,True,0.35,0.3,0.55,1.2,3.6,0.8,35,120,0.5,0.5,3,False,0,0,0
454,XAUUSD,50,5,14,4,0.22,1,True,True,0.35,0.6,0.6,1.0,3.0,0.7,40,45,0.5,0.5,3,False,0,0,0
455,XAUUSD,60,7,12,2,0.2,2,True,True,0.28,0.6,0.6,2.0,3.6,0.8,30,45,0.7,0.5,3,False,0,0,0
456,XAUUSD,55,6,14,4,0.18,1.5,False,True,0.28,0.4,0.6,1.5,2.4,0.8,35,60,0.5,0.5,2,True,0.04,2400,0
457,XAUUSD,55,7,12,4,0.2,1.5,False,True,0.32,0.5,0.6,2.2,2.4,0.9,40,120,0.8,0.5,2,False,0,0,0
458,XAUUSD,45,6,11,4,0.18,2,False,True,0.35,0.4,0.55,1.8,3.0,1.0,35,90,0.8,0.5,3,True,0.04,2400,0
459,XAUUSD,45,7,16,2,0.18,1,False,True,0.3,0.5,0.7,1.0,3.0,1.0,40,60,0.7,0.5,2,False,0,0,0
460,XAUUSD,55,5,12,4,0.22,2,False,True,0.35,0.4,0.6,2.2,2.4,0.6,30,60,0.7,0.5,2,False,0,0,0
461,XAUUSD,50,6,16,2,0.18,1.5,True,True,0.3,0.5,0.55,1.0,2.0,0.7,50,45,0.5,0.5,3,False,0,0,0
462,XAUUSD,50,6,11,2,0.2,1.5,False,True,0.3,0.4,0.6,1.5,2.4,0.9,25,60,0.7,0.5,2,False,0,0,0
463,XAUUSD,55,6,11,2,0.22,2.5,True,True,0.32,0.5,0.7,2.0,4.0,0.7,35,120,0.8,0.5,2,False,0,0,0
464,XAUUSD,50,6,11,4,0.22,2.5,False,True,0.3,0.5,0.7,2.0,3.0,0.8,25,90,0.8,0.5,3,False,0,0,0
465,XAUUSD,50,6,14,4,0.16,1.5,False,True,0.35,0.3,0.65,1.2,3.0,0.9,50,45,0.8,0.5,3,False,0,0,0
466,XAUUSD,50,6,14,2,0.2,2.5,True,True,0.28,0.3,0.7,1.0,2.0,1.0,35,120,0.7,0.5,3,False,0,0,0
467,XAUUSD,50,7,16,4,0.2,2,False,True,0.35,0.5,0.6,0.9,3.0,0.9,40,60,0.5,0.5,3,False,0,0,0
468,XAUUSD,45,5,16,3,0.2,2,False,True,0.3,0.3,0.6,1.2,3.6,0.7,35,90,0.7,0.5,3,True,0.04,2400,0
469,XAUUSD,55,6,14,3,0.16,1,True,True,0.28,0.3,0.6,1.5,3.6,0.6,50,45,0.6,0.5,3,True,0.04,2400,0
470,XAUUSD,45,6,14,4,0.16,1,False,True,0.3,0.5,0.7,1.0,4.0,1.0,25,45,0.8,0.5,3,False,0,0,0
471,XAUUSD,55,7,12,3,0.16,1,False,True,0.3,0.5,0.65,2.0,3.6,0.9,25,45,0.8,0.5,2,False,0,0,0
472,XAUUSD,45,5,11,2,0.22,2,False,True,0.3,0.5,0.6,1.8,4.0,0.8,50,120,0.6,0.5,3,False,0,0,0
473,XAUUSD,55,6,12,3,0.2,2.5,False,True,0.28,0.4,0.7,1.5,3.6,0.6,40,45,0.8,0.5,3,False,0,0,0
474,XAUUSD,45,5,14,4,0.22,1,False,True,0.35,0.3,0.65,1.5,2.0,0.7,30,90,0.7,0.5,3,False,0,0,0
475,XAUUSD,55,7,16,3,0.22,1.5,False,True,0.3,0.6,0.55,2.0,3.0,0.7,30,45,0.7,0.5,2,True,0.04,2400,0
476,XAUUSD,60,5,14,2,0.22,2.5,False,True,0.32,0.5,0.7,2.0,3.6,0.9,35,120,0.8,0.5,2,False,0,0,0
477,XAUUSD,55,6,14,2,0.2,1.5,False,True,0.32,0.6,0.7,2.0,3.0,0.7,40,45,0.6,0.5,2,True,0.04,2400,0
478,XAUUSD,55,7,11,2,0.18,2,True,True,0.32,0.6,0.65,1.8,3.6,0.6,40,45,0.7,0.5,2,False,0,0,0
479,XAUUSD,50,6,11,4,0.18,2,False,True,0.28,0.6,0.55,1.5,3.0,1.0,30,90,0.6,0.5,3,True,0.04,2400,0
480,XAUUSD,55,6,16,4,0.2,1.5,False,True,0.35,0.4,0.7,0.9,2.0,1.0,40,45,0.8,0.5,3,False,0,0,0
481,XAUUSD,55,7,12,4,0.22,1,True,True,0.35,0.4,0.6,1.8,3.0,1.0,50,120,0.6,0.5,3,False,0,0,0
482,XAUUSD,50,5,16,3,0.16,1,True,True,0.32,0.3,0.7,2.2,4.0,0.9,35,120,0.5,0.5,2,False,0,0,0
483,XAUUSD,60,5,12,4,0.22,1.5,False,True,0.32,0.4,0.65,1.8,3.0,0.7,35,60,0.6,0.5,3,False,0,0,0
484,XAUUSD,45,7,12,4,0.2,2,True,True,0.35,0.5,0.55,2.2,3.0,0.6,40,45,0.5,0.5,2,False,0,0,0
485,XAUUSD,55,6,14,4,0.16,1.5,True,True,0.35,0.3,0.7,0.9,3.6,0.6,40,60,0.5,0.5,2,False,0,0,0
486,XAUUSD,60,6,11,3,0.2,2.5,False,True,0.3,0.4,0.7,1.2,3.0,0.7,35,60,0.8,0.5,3,False,0,0,0
487,XAUUSD,45,6,16,4,0.2,2.5,False,True,0.32,0.6,0.55,1.2,3.6,0.6,40,90,0.7,0.5,3,True,0.04,2400,0
488,XAUUSD,60,7,12,4,0.18,1.5,True,True,0.32,0.3,0.65,1.2,3.0,1.0,30,45,0.5,0.5,3,False,0,0,0
489,XAUUSD,55,5,14,3,0.2,2,False,True,0.35,0.5,0.65,1.5,3.0,1.0,25,45,0.6,0.5,3,False,0,0,0
490,XAUUSD,45,6,14,4,0.18,2.5,True,True,0.28,0.5,0.6,1.0,4.0,0.6,40,120,0.6,0.5,2,False,0,0,0
491,XAUUSD,55,6,12,4,0.22,1,False,True,0.28,0.5,0.6,1.0,2.0,0.6,40,45,0.8,0.5,3,False,0,0,0
492,XAUUSD,55,7,11,2,0.18,2,False,True,0.35,0.4,0.65,0.9,3.6,0.9,30,90,0.6,0.5,2,False,0,0,0
493,XAUUSD,60,5,16,3,0.2,2.5,True,True,0.28,0.3,0.65,1.2,2.0,0.7,50,120,0.7,0.5,2,False,0,0,0
494,XAUUSD,60,7,16,4,0.2,2,False,True,0.28,0.6,0.7,1.8,3.0,0.6,40,60,0.6,0.5,2,False,0,0,0
495,XAUUSD,60,7,12,4,0.2,2,False,True,0.3,0.6,0.55,2.2,3.0,0.8,30,60,0.5,0.5,3,False,0,0,0
496,XAUUSD,55,5,11,3,0.18,2.5,True,True,0.32,0.3,0.55,1.2,3.0,0.8,25,90,0.7,0.5,3,False,0,0,0
497,XAUUSD,45,5,16,3,0.2,2.5,False,True,0.3,0.3,0.65,1.8,3.6,1.0,35,90,0.8,0.5,3,False,0,0,0
498,XAUUSD,55,7,12,2,0.18,1,False,True,0.32,0.6,0.55,2.2,3.6,0.8,25,60,0.5,0.5,2,False,0,0,0
499,XAUUSD,50,6,11,2,0.16,2.5,False,True,0.35,0.5,0.55,2.0,3.6,0.7,50,60,0.6,0.5,3,False,0,0,0
500,XAUUSD,50,7,12,3,0.2,2,False,True,0.32,0.3,0.6,2.2,3.6,0.8,25,45,0.8,0.5,3,False,0,0,0
